[
    {
        "id":1,
        "name": "MANIK",
        "username":"MANIK_CT",
        "email":"m.p@citiustech.com"
    },
    {
        "id":2,
        "name": "SANDEEP",
        "username":"SANDEEP_CT",
        "email":"s.s@citiustech.com"
    },
    {
        "id":3,
        "name": "SURAJ",
        "username":"SURAJ_CT",
        "email":"s.m@citiustech.com"
    },
    {
        "id":4,
        "name": "PRADYUMN",
        "username":"PRADYUMN_CT",
        "email":"p.y@citiustech.com"
    }    
]